CPF:;NOME:;HORÁRIO:
51439808898;jonas;27/08/2023 11:37
51439808898;jonas;27/11/2023 11:37
51439808898;jonas;27/02/2024 11:37
51439808898;jonas;27/03/2024 11:37
51439808898;jonas;27/04/2024 11:37
51439808898;marcela;27/08/2023 11:37
12345678901;Micael Silva;27/11/2023 11:37
23456789012;Maria Micaela;27/02/2024 11:37
34567890123;João Micael;27/03/2024 11:37
45678901234;Ana Micaela;27/04/2024 11:37
56789012345;Pedro Micael;27/08/2023 11:37
67890123456;Carla Micaela;27/11/2023 11:37
78901234567;Antônio Micael;27/02/2024 11:37
89012345678;Micael Santos;27/03/2024 11:37
90123456789;Isabela Micaela;27/04/2024 11:37
01234567890;Roberto Micael;27/01/2023 11:37
11111111111;Alice Micaela;27/11/2023 11:37
22222222222;Fernando Micael;27/02/2024 11:37
33333333333;Lúcia Micaela;27/03/2024 11:37
44444444444;Ricardo Micael;27/04/2024 11:37
55555555555;Mariana Micaela;27/08/2023 11:37
66666666666;Gustavo Micael;27/11/2023 11:37
77777777777;Sofia Micaela;27/02/2024 11:37
88888888888;Bruno Micael;27/03/2024 11:37
51437608875;Elisa Micaela;27/04/2024 11:37
88888888888;Bruno Micael;27/08/2023 11:37
51439808898;jonas;10/06/2024 11:00
